{
  "aluno_id": 14,
  "numero_matricula": 20230014,
  "nome": "Nicolas Freitas",
  "email": "nicolas.freitas@example.com",
  "data_nascimento": "2001-11-11",
  "data_ingresso": "2022-01-10",
  "status_aluno": "ativo",
  "criado_em": "2025-11-12 13:15:48",
  "matriculas": [
    {
      "matricula_id": 76,
      "curso_id": 1,
      "data_matricula": "2022-01-12",
      "status": "concluido",
      "nota": 6.5,
      "criado_em": "2025-11-12 14:08:36",
      "curso_info": {
        "codigo": "MAT101",
        "nome": "Matemática Básica",
        "descricao": "Fundamentos de álgebra e aritmética",
        "creditos": 4,
        "capacidade": 60,
        "categoria": "Matemática"
      }
    }
  ],
  "total_matriculas": 1,
  "matriculas_ativas": 0,
  "matriculas_concluidas": 1,
  "matriculas_canceladas": 0
}