{
  "aluno_id": 8,
  "numero_matricula": 20230008,
  "nome": "Henrique Alves",
  "email": "henrique.alves@example.com",
  "data_nascimento": "1997-10-02",
  "data_ingresso": "2020-02-01",
  "status_aluno": "inativo",
  "criado_em": "2025-11-12 13:15:48",
  "matriculas": [
    {
      "matricula_id": 70,
      "curso_id": 9,
      "data_matricula": "2020-02-05",
      "status": "concluido",
      "nota": 6.9,
      "criado_em": "2025-11-12 14:08:36",
      "curso_info": {
        "codigo": "HIS101",
        "nome": "História Geral",
        "descricao": "História antiga e moderna",
        "creditos": 3,
        "capacidade": 60,
        "categoria": "Tecnologia"
      }
    }
  ],
  "total_matriculas": 1,
  "matriculas_ativas": 0,
  "matriculas_concluidas": 1,
  "matriculas_canceladas": 0
}