{
  "aluno_id": 7,
  "numero_matricula": 20230007,
  "nome": "Gabriela Lima",
  "email": "gabriela.lima@example.com",
  "data_nascimento": "2001-03-30",
  "data_ingresso": "2022-03-05",
  "status_aluno": "ativo",
  "criado_em": "2025-11-12 13:15:48",
  "matriculas": [
    {
      "matricula_id": 69,
      "curso_id": 12,
      "data_matricula": "2022-03-10",
      "status": "concluido",
      "nota": 7.8,
      "criado_em": "2025-11-12 14:08:36",
      "curso_info": {
        "codigo": "EST101",
        "nome": "Estatística",
        "descricao": "Probabilidade e estatística descritiva",
        "creditos": 4,
        "capacidade": 55,
        "categoria": "Matemática"
      }
    }
  ],
  "total_matriculas": 1,
  "matriculas_ativas": 0,
  "matriculas_concluidas": 1,
  "matriculas_canceladas": 0
}