{
  "aluno_id": 10,
  "numero_matricula": 20230010,
  "nome": "João Martins",
  "email": "joao.martins@example.com",
  "data_nascimento": "1999-01-22",
  "data_ingresso": "2022-09-01",
  "status_aluno": "ativo",
  "criado_em": "2025-11-12 13:15:48",
  "matriculas": [
    {
      "matricula_id": 72,
      "curso_id": 7,
      "data_matricula": "2022-09-05",
      "status": "concluido",
      "nota": 8.4,
      "criado_em": "2025-11-12 14:08:36",
      "curso_info": {
        "codigo": "BD101",
        "nome": "Banco de Dados",
        "descricao": "Modelagem relacional e SQL",
        "creditos": 4,
        "capacidade": 50,
        "categoria": "Programação"
      }
    }
  ],
  "total_matriculas": 1,
  "matriculas_ativas": 0,
  "matriculas_concluidas": 1,
  "matriculas_canceladas": 0
}