{
  "aluno_id": 9,
  "numero_matricula": 20230009,
  "nome": "Isabela Moreira",
  "email": "isabela.moreira@example.com",
  "data_nascimento": "2002-06-17",
  "data_ingresso": "2023-09-01",
  "status_aluno": "ativo",
  "criado_em": "2025-11-12 13:15:48",
  "matriculas": [
    {
      "matricula_id": 71,
      "curso_id": 14,
      "data_matricula": "2023-09-03",
      "status": "matriculado",
      "nota": 0.0,
      "criado_em": "2025-11-12 14:08:36",
      "curso_info": {
        "codigo": "WEB101",
        "nome": "Desenvolvimento Web",
        "descricao": "HTML, CSS, JavaScript básicos",
        "creditos": 3,
        "capacidade": 80,
        "categoria": "Programação"
      }
    }
  ],
  "total_matriculas": 1,
  "matriculas_ativas": 1,
  "matriculas_concluidas": 0,
  "matriculas_canceladas": 0
}