{
  "aluno_id": 16,
  "numero_matricula": 20230016,
  "nome": "Paulo Gomes",
  "email": "paulo.gomes@example.com",
  "data_nascimento": "1996-07-19",
  "data_ingresso": "2019-08-01",
  "status_aluno": "inativo",
  "criado_em": "2025-11-12 13:15:48",
  "matriculas": [
    {
      "matricula_id": 78,
      "curso_id": 10,
      "data_matricula": "2019-08-05",
      "status": "cancelado",
      "nota": 0.0,
      "criado_em": "2025-11-12 14:08:36",
      "curso_info": {
        "codigo": "ECO101",
        "nome": "Economia Básica",
        "descricao": "Princípios de economia",
        "creditos": 3,
        "capacidade": 70,
        "categoria": "Tecnologia"
      }
    }
  ],
  "total_matriculas": 1,
  "matriculas_ativas": 0,
  "matriculas_concluidas": 0,
  "matriculas_canceladas": 1
}