{
  "aluno_id": 18,
  "numero_matricula": 20230018,
  "nome": "Rafael Duarte",
  "email": "rafael.duarte@example.com",
  "data_nascimento": "1999-02-14",
  "data_ingresso": "2020-03-01",
  "status_aluno": "ativo",
  "criado_em": "2025-11-12 13:15:48",
  "matriculas": [
    {
      "matricula_id": 80,
      "curso_id": 4,
      "data_matricula": "2020-03-02",
      "status": "concluido",
      "nota": 7.0,
      "criado_em": "2025-11-12 14:08:36",
      "curso_info": {
        "codigo": "BIO101",
        "nome": "Biologia Geral",
        "descricao": "Conceitos fundamentais de biologia",
        "creditos": 3,
        "capacidade": 40,
        "categoria": "Ciências"
      }
    }
  ],
  "total_matriculas": 1,
  "matriculas_ativas": 0,
  "matriculas_concluidas": 1,
  "matriculas_canceladas": 0
}