{
  "aluno_id": 5,
  "numero_matricula": 20230005,
  "nome": "Érica Santos",
  "email": "erica.santos@example.com",
  "data_nascimento": "1998-09-09",
  "data_ingresso": "2021-01-20",
  "status_aluno": "ativo",
  "criado_em": "2025-11-12 13:15:48",
  "matriculas": [
    {
      "matricula_id": 67,
      "curso_id": 11,
      "data_matricula": "2021-02-01",
      "status": "concluido",
      "nota": 8.0,
      "criado_em": "2025-11-12 14:08:36",
      "curso_info": {
        "codigo": "MAT301",
        "nome": "Álgebra Linear",
        "descricao": "Vetores, matrizes e sistemas lineares",
        "creditos": 4,
        "capacidade": 45,
        "categoria": "Matemática"
      }
    }
  ],
  "total_matriculas": 1,
  "matriculas_ativas": 0,
  "matriculas_concluidas": 1,
  "matriculas_canceladas": 0
}