{
  "aluno_id": 17,
  "numero_matricula": 20230017,
  "nome": "Quésia Pinto",
  "email": "quesia.pinto@example.com",
  "data_nascimento": "2002-09-30",
  "data_ingresso": "2023-03-01",
  "status_aluno": "ativo",
  "criado_em": "2025-11-12 13:15:48",
  "matriculas": [
    {
      "matricula_id": 79,
      "curso_id": 19,
      "data_matricula": "2023-03-05",
      "status": "matriculado",
      "nota": 0.0,
      "criado_em": "2025-11-12 14:08:36",
      "curso_info": {
        "codigo": "EMP101",
        "nome": "Empreendedorismo",
        "descricao": "Noções de criação de startups",
        "creditos": 2,
        "capacidade": 80,
        "categoria": "Humanas"
      }
    }
  ],
  "total_matriculas": 1,
  "matriculas_ativas": 1,
  "matriculas_concluidas": 0,
  "matriculas_canceladas": 0
}