{
  "aluno_id": 15,
  "numero_matricula": 20230015,
  "nome": "Olivia Castro",
  "email": "olivia.castro@example.com",
  "data_nascimento": "2003-05-25",
  "data_ingresso": "2024-03-01",
  "status_aluno": "ativo",
  "criado_em": "2025-11-12 13:15:48",
  "matriculas": [
    {
      "matricula_id": 77,
      "curso_id": 20,
      "data_matricula": "2024-03-02",
      "status": "matriculado",
      "nota": 0.0,
      "criado_em": "2025-11-12 14:08:36",
      "curso_info": {
        "codigo": "PROJ101",
        "nome": "Gestão de Projetos",
        "descricao": "Planejamento e controle de projetos",
        "creditos": 3,
        "capacidade": 60,
        "categoria": "Humanas"
      }
    }
  ],
  "total_matriculas": 1,
  "matriculas_ativas": 1,
  "matriculas_concluidas": 0,
  "matriculas_canceladas": 0
}